{"cameraMode":{"drawMode":0,"name":"Shaded","section":"Shading Mode"},"sceneLighting":false,"audioPlay":false,"sceneViewState":{"showFog":true,"showMaterialUpdate":false,"showSkybox":false,"showFlares":true,"showImageEffects":true,"showParticleSystems":true},"in2DMode":false,"pivot":{"x":-0.06330062448978424,"y":1.436570644378662,"z":0.12860800325870515},"rotation":{"x":-0.12936283648014069,"y":-0.12695612013339997,"z":0.01670246012508869,"w":-0.9832955002784729},"size":0.7397755980491638,"orthographic":false}